{
  "train_runtime": 2548.6364,
  "train_samples_per_second": 0.142,
  "train_steps_per_second": 0.018,
  "total_flos": 3.145674119970816e+16,
  "train_loss": 0.5636923763487074,
  "epoch": 2.975206611570248
}