{
  "train_runtime": 36430.7006,
  "train_samples_per_second": 0.674,
  "train_steps_per_second": 0.084,
  "total_flos": 9.528142419274752e+16,
  "train_loss": 0.8571397292885796,
  "epoch": 4.997964997964998,
  "training_time_min": 607.2,
  "lora_rank": 32,
  "epochs": 5
}